<application>
  <component name="GeneralSettings">
    <option name="autoSaveIfInactive" value="true" />
    <option name="confirmExit" value="false" />
    <option name="confirmOpenNewProject2" value="0" />
    <option name="processCloseConfirmation" value="TERMINATE" />
    <option name="reopenLastProject" value="false" />
    <option name="searchInBackground" value="true" />
    <option name="showTipsOnStartup" value="false" />
  </component>
  <component name="Registry">
    <entry key="ide.firstStartup" value="false" />
    <entry key="scala.erase.compiler.process.jdk.once" value="false" />
    <entry key="ift.experimental.lessons" value="false" />
    <entry key="ide.experimental.ui.animations" value="false" />
    <entry key="ide.widget.toolbar.experimentalUpdating" value="false" />
    <entry key="ide.tree.experimental.preferred.width" value="false" />
    <entry key="ide.experimental.ui.tree.selection" value="false" />
    <entry key="ide.experimental.ui.title.toolbar.in.macos" value="false" />
    <entry key="kotlin.experimental.new.j2k" value="false" />
    <entry key="markdown.experimental.boundary.precise.scroll.enable" value="false" />
    <entry key="database.refresh.action.experimental" value="false" />
  </component>
</application>