<application>
  <component name="NotificationConfiguration">
    <notification groupId="Common Version Control Messages" displayType="TOOL_WINDOW" />
    <notification groupId="Database editor log" displayType="NONE" />
    <notification groupId="Database refactoring log" displayType="NONE" />
    <notification groupId="Database view" displayType="TOOL_WINDOW" />
    <notification groupId="Git Important Messages" displayType="STICKY_BALLOON" />
    <notification groupId="Git Messages" displayType="TOOL_WINDOW" />
    <notification groupId="IDE Usage Statistics" displayType="STICKY_BALLOON" shouldLog="false" />
    <notification groupId="IDETalk XmlRpc Server" displayType="STICKY_BALLOON" />
    <notification groupId="Lombok plugin" shouldLog="false" />
    <notification groupId="Maven Import" displayType="STICKY_BALLOON" />
    <notification groupId="scrolling-capabilities-debug" displayType="NONE" shouldLog="false" />
    <notification groupId="Svn Roots Detection Errors" displayType="STICKY_BALLOON" />
  </component>
</application>