<application>
  <component name="GitRememberedInputs">
    <option name="visitedUrls">
      <list>
        <UrlAndUserName>
          <option name="url" value="http://stash.90dai.com/scm/carloan_spider/spider.git" />
          <option name="userName" value="yb" />
        </UrlAndUserName>
        <UrlAndUserName>
          <option name="url" value="http://yb@stash.90dai.com/scm/ebaotech/insurance_elec_deposit_api.git" />
          <option name="userName" value="" />
        </UrlAndUserName>
        <UrlAndUserName>
          <option name="url" value="http://stash.90dai.com/scm/ebaotech/insurance_elec_deposit_api.git" />
          <option name="userName" value="yb" />
        </UrlAndUserName>
        <UrlAndUserName>
          <option name="url" value="http://yb@stash.90dai.com/scm/cfa/cfablock-contract-compiler.git" />
          <option name="userName" value="" />
        </UrlAndUserName>
        <UrlAndUserName>
          <option name="url" value="http://stash.90dai.com/scm/cfa/cfablock-contract-compiler.git" />
          <option name="userName" value="yb" />
        </UrlAndUserName>
        <UrlAndUserName>
          <option name="url" value="http://gitee.com" />
          <option name="userName" value="303734023@qq.com" />
        </UrlAndUserName>
        <UrlAndUserName>
          <option name="url" value="http://gitlab.90dai.com" />
          <option name="userName" value="yubin" />
        </UrlAndUserName>
        <UrlAndUserName>
          <option name="url" value="http://gitlab.90dai.com:443" />
          <option name="userName" value="yubin" />
        </UrlAndUserName>
        <UrlAndUserName>
          <option name="url" value="http://github.com" />
          <option name="userName" value="303734023@qq.com" />
        </UrlAndUserName>
      </list>
    </option>
    <option name="cloneParentDir" value="D:\WorkSpace" />
  </component>
  <component name="Vcs.Log.App.Settings">
    <option name="SHOW_CHANGES_FROM_PARENTS" value="true" />
    <option name="COLUMN_ID_ORDER">
      <list>
        <option value="Default.Root" />
        <option value="Default.Subject" />
        <option value="Default.Author" />
        <option value="Default.Date" />
        <option value="Space.CommitStatus" />
      </list>
    </option>
  </component>
</application>