<keymap version="1" name="我的配置(mac os)" parent="Mac OS X 10.5+">
  <action id="$LRU">
    <keyboard-shortcut first-keystroke="ctrl meta e" />
  </action>
  <action id="ActivateFindToolWindow" />
  <action id="ActivateProjectToolWindow" />
  <action id="Back">
    <keyboard-shortcut first-keystroke="meta open_bracket" />
  </action>
  <action id="BookmarksView.MoveDown" />
  <action id="BookmarksView.MoveUp" />
  <action id="ChangesView.Move" />
  <action id="CommentByBlockComment">
    <keyboard-shortcut first-keystroke="ctrl meta slash" />
  </action>
  <action id="CommentByLineComment">
    <keyboard-shortcut first-keystroke="meta slash" />
  </action>
  <action id="Debug" />
  <action id="Diff.NextChange" />
  <action id="Diff.PrevChange" />
  <action id="Docker.RemoteServers.ConnectServer" />
  <action id="Docker.RemoteServers.StartComposeService" />
  <action id="Docker.RemoteServers.StopComposeApp" />
  <action id="Docker.RemoteServers.StopComposeService" />
  <action id="Docker.RemoteServers.StopContainer" />
  <action id="Docker.RemoteServers.StopDeploy" />
  <action id="Documentation.Back">
    <keyboard-shortcut first-keystroke="meta open_bracket" />
  </action>
  <action id="DuplicatesForm.SendToLeft" />
  <action id="Editor LRU">
    <keyboard-shortcut first-keystroke="ctrl meta e" />
  </action>
  <action id="EditorBackSpace">
    <keyboard-shortcut first-keystroke="back_space" />
  </action>
  <action id="EditorCutLineEnd" />
  <action id="EditorLeft">
    <keyboard-shortcut first-keystroke="left" />
  </action>
  <action id="EditorSplitLine" />
  <action id="EditorStartNewLineBefore" />
  <action id="Exit" />
  <action id="ExtractFunction" />
  <action id="ExtractMethod">
    <keyboard-shortcut first-keystroke="ctrl meta m" />
  </action>
  <action id="FileChooser.GotoHome" />
  <action id="FileChooser.GotoModule" />
  <action id="FileStructurePopup">
    <keyboard-shortcut first-keystroke="meta f12" />
    <keyboard-shortcut first-keystroke="ctrl q" />
  </action>
  <action id="GotoAction" />
  <action id="GotoImplementation">
    <keyboard-shortcut first-keystroke="ctrl meta b" />
  </action>
  <action id="GotoRelated" />
  <action id="IntroduceConstant">
    <keyboard-shortcut first-keystroke="ctrl meta c" />
  </action>
  <action id="IntroduceField">
    <keyboard-shortcut first-keystroke="ctrl meta f" />
  </action>
  <action id="IntroduceParameter">
    <keyboard-shortcut first-keystroke="ctrl meta p" />
  </action>
  <action id="IntroduceProperty" />
  <action id="IntroduceVariable">
    <keyboard-shortcut first-keystroke="ctrl meta v" />
  </action>
  <action id="MethodDown">
    <keyboard-shortcut first-keystroke="ctrl j" />
  </action>
  <action id="MethodUp">
    <keyboard-shortcut first-keystroke="ctrl k" />
  </action>
  <action id="MoveStatementDown">
    <keyboard-shortcut first-keystroke="ctrl meta j" />
  </action>
  <action id="MoveStatementUp">
    <keyboard-shortcut first-keystroke="ctrl meta k" />
  </action>
  <action id="MoveTabDown">
    <keyboard-shortcut first-keystroke="meta b" second-keystroke="shift underscore" />
  </action>
  <action id="MoveTabRight">
    <keyboard-shortcut first-keystroke="meta b" second-keystroke="shift back_slash" />
  </action>
  <action id="NextEditorTab" />
  <action id="NextSplitter">
    <keyboard-shortcut first-keystroke="ctrl b" second-keystroke="h" />
  </action>
  <action id="NextTab">
    <keyboard-shortcut first-keystroke="ctrl meta close_bracket" />
  </action>
  <action id="OptimizeImports">
    <keyboard-shortcut first-keystroke="ctrl meta o" />
  </action>
  <action id="PrevSplitter">
    <keyboard-shortcut first-keystroke="ctrl b" second-keystroke="l" />
  </action>
  <action id="PreviousEditorTab" />
  <action id="PreviousTab">
    <keyboard-shortcut first-keystroke="ctrl meta open_bracket" />
  </action>
  <action id="ReformatCode">
    <keyboard-shortcut first-keystroke="ctrl meta l" />
  </action>
  <action id="RenameElement">
    <keyboard-shortcut first-keystroke="shift circumflex" />
  </action>
  <action id="ShowContent" />
  <action id="ShowIntentionActions">
    <keyboard-shortcut first-keystroke="meta enter" />
  </action>
  <action id="SurroundWith" />
  <action id="ToggleFullScreen" />
  <action id="UsageGrouping.DirectoryStructure" />
  <action id="Vcs.Log.GoToChild" />
  <action id="Vcs.MoveChangedLinesToChangelist" />
  <action id="ViewSource" />
  <action id="hg4idea.QFold" />
  <action id="org.intellij.plugins.markdown.ui.actions.styling.ToggleBoldAction" />
  <action id="refactoring.extract.dependency" />
  <action id="refactoring.introduce.property" />
  <action id="sql.ExtractFunctionAction" />
</keymap>